Feature;Accuracy;True_positives;False_positives;True_negatives;False_negatives;Precision;Recall;FScore;;Name;Comment
adjpred_041;0.84;1;0;83;16;1;0.058823529;0.111111111;;Axel;
coordnonp_065;0.946524064;1;1;176;9;0.5;0.1;0.166666667;;Axel;
lengthening_206;0.95283773;7;56;1188;0;0.111111111;1;0.2;;Axel;
interlink_203;0.963229416;6;46;1199;0;0.115384615;1;0.206896552;;Leyla;
gerund_015;0.914634146;2;6;148;8;0.25;0.2;0.222222222;;Leyla;
thatdel_060;0.892561983;2;4;107;8;0.333333333;0.2;0.25;;Leyla;
coordphras_064;0.931034483;3;1;105;7;0.75;0.3;0.428571429;;Leyla;
vpresentpart_025;0.982832618;3;2;455;6;0.6;0.333333333;0.428571429;;Yilin;
vpastwhiz_027;0.98687664;4;3;749;6;0.571428571;0.4;0.470588235;;Yilin;
caps_204;0.913857678;10;21;236;0;0.322580645;1;0.487804878;;Yilin;
thatreobj_030;0.994180407;3;1;1022;5;0.75;0.375;0.5;;Yilin;
vpresentwhiz_028;0.990755008;4;0;639;6;1;0.4;0.571428571;;Hanna;It seems like we only looked for singular nouns so far, I added plural nouns as well. This should solve at least two of the miscounts. Also corrected the names of the files for the updated manual counts (script only looked for _corrected but we also had _updated). Feature should be fine now.
advsubother_038;0.995121951;2;0;610;3;1;0.4;0.571428571;;Hanna;"I noticed that we create a list ""otheradvsublist"" but then don't actually use it in the code. I added this in analyse_preposition. Should catch all the wrong hits we currently have."
whreobj_032;0.994404476;5;7;1239;0;0.416666667;1;0.588235294;;Hanna;Still the exaxt same errors as last time. It seems like we originally forgot the noun-criterium in our code. I added this and it should take care of at least two of the miscounts. Apart from that I have no idea how to improve it further. We could suggest dropping it (also because of the low frequency)
vpastperfect_002b;0.997668998;3;3;1709;1;0.5;0.75;0.6;;;
thatresub_029;0.979310345;5;1;279;5;0.833333333;0.5;0.625;;;
vimperative_205;0.941176471;8;7;136;2;0.533333333;0.8;0.64;;;
whresub_031;0.982142857;4;0;216;4;1;0.5;0.666666667;;;
vsplitinf_062;0.998401279;2;0;1247;2;1;0.5;0.666666667;;;
vinfinitive_024;0.64;25;24;50;1;0.510204082;0.961538462;0.666666667;;;
strandprep_061;0.986627043;10;6;654;3;0.625;0.769230769;0.689655172;;;
comparatives_syn_212;0.976635514;10;9;409;0;0.526315789;1;0.689655172;;;
hedges_047;0.992358079;7;3;903;3;0.7;0.7;0.7;;;
sentencere_034;0.996003197;6;1;1240;4;0.857142857;0.6;0.705882353;;;
nominalis_014;0.96;5;4;91;0;0.555555556;1;0.714285714;;;
passby_018;0.992202729;5;0;504;4;1;0.555555556;0.714285714;;;
pverbdo_012;0.993215739;7;0;725;5;1;0.583333333;0.736842105;;;
comparatives_ana_214;0.996802558;6;1;1241;3;0.857142857;0.666666667;0.75;;;
vpast_001;0.924369748;9;4;104;2;0.692307692;0.818181818;0.75;;;
superlatives_syn_213;0.987084871;10;6;526;0;0.625;1;0.769230769;;;
prodemons_010;0.953271028;9;4;93;1;0.692307692;0.9;0.782608696;;;
adjattr_040;0.66;36;17;45;2;0.679245283;0.947368421;0.791208791;;;
mainvbe_019;0.87;20;1;70;9;0.952380952;0.689655172;0.8;;;
advtime_durfreq_005b;0.988038278;10;5;403;0;0.666666667;1;0.8;;;
advsubconc_036;0.995469989;8;2;871;2;0.8;0.8;0.8;;;
superlatives_ana_215;0.997601918;4;1;1245;1;0.8;0.8;0.8;;;
passagentl_017;0.968;9;3;112;1;0.75;0.9;0.818181818;;;
conjuncts_045;0.993421053;9;3;595;1;0.75;0.9;0.818181818;;;
downtoners_046;0.994126285;9;3;668;1;0.75;0.9;0.818181818;;;
modalsness_053;0.992805755;9;3;543;1;0.75;0.9;0.818181818;;;
negsyn_066;0.994140625;7;0;502;3;1;0.7;0.823529412;;;
vpresperfect_002a;0.979079498;10;3;225;1;0.769230769;0.909090909;0.833333333;;;
discpart_050;0.992990654;8;1;417;2;0.888888889;0.8;0.842105263;;;
reddit_vocab_216;0.990033223;8;1;290;2;0.888888889;0.8;0.842105263;;;
vprogressive_217;0.95;9;0;88;3;1;0.75;0.857142857;;;
vsplitaux_063;0.980769231;9;2;144;1;0.818181818;0.9;0.857142857;;;
prepositions_039;0.71;45;13;41;1;0.775862069;0.97826087;0.865384615;;;
adverbs_042;0.78;33;9;57;1;0.785714286;0.970588235;0.868421053;;;
vpresent_003;0.58;59;1;26;14;0.983333333;0.808219178;0.887218045;;;
advsubcause_035;0.995789474;8;0;465;2;1;0.8;0.888888889;;;
emoticons_207;0.995584989;8;0;443;2;1;0.8;0.888888889;;;
modalsposs_052;0.97;13;1;84;2;0.928571429;0.866666667;0.896551724;;;
advtime_position_005a;0.988764045;9;1;167;1;0.9;0.9;0.9;;;
amplifiers_048;0.994778068;11;2;370;0;0.846153846;1;0.916666667;;;
vprivate_056;0.97;14;2;84;0;0.875;1;0.933333333;;;
negana_067;0.98;14;0;84;2;1;0.875;0.933333333;;;
demonstr_051;0.99078341;15;0;200;2;1;0.882352941;0.9375;;;
exthere_020;0.997601918;9;0;407;1;1;0.9;0.947368421;;;
modalspred_054;0.99;10;0;89;1;1;0.909090909;0.952380952;;;
vpublic_055;0.991596639;10;1;108;0;0.909090909;1;0.952380952;;;
vsuasive_057;0.996721311;10;1;294;0;0.909090909;1;0.952380952;;;
contractions_059;0.97;20;0;78;2;1;0.909090909;0.952380952;;;
profirpers_006;0.98;27;2;71;0;0.931034483;1;0.964285714;;;
proit_009;0.99;15;1;84;0;0.9375;1;0.967741935;;;
advplace_004;1;2;0;98;0;1;1;1;;;
prosecpers_007;1;13;0;87;0;1;1;1;;;
prothirdper_008;0.98;16;0;84;0;1;1;1;;;
nouns_016;0.7;88;0;12;0;1;1;1;;;
advsubcond_037;1;10;0;199;0;1;1;1;;;
vseemappear_058;1;8;0;657;0;1;1;1;;;
hashtag_201;1;3;0;1248;0;1;1;1;;;
question_208;1;10;0;93;0;1;1;1;;;
exclamation_209;1;10;0;144;0;1;1;1;;;
proindef_011;0.917355372;0;0;111;10;xxx;xxx;xxx;;Rafa;
whquest_013;0.958677686;0;0;232;10;xxx;xxx;xxx;;Rafa;
thatvcom_021;0.960869565;0;0;221;9;xxx;xxx;xxx;;Rafa;
thatacom_022;0.996802558;0;0;1247;4;xxx;xxx;xxx;;Rafa;
whclause_023;0.948186528;0;0;183;10;xxx;xxx;xxx;;Gustavo;
vpastpart_026;0.994404476;0;7;1244;0;xxx;xxx;xxx;;Gustavo;
whrepied_033;0.999200639;0;1;1250;0;xxx;xxx;xxx;;Gustavo;
link_202;0.967532468;0;0;298;10;xxx;xxx;xxx;;Gustavo;
