Feature	Accuracy	True_positives	False_positives	True_negatives	False_negatives	Precision	Recall	FScore
vpast_001	0.9243697478991597	9	4	104	2	0.6923076923076923	0.8181818181818182	0.7500000000000001
vpresperfect_002a	0.9790794979079498	10	3	225	1	0.7692307692307693	0.9090909090909091	0.8333333333333333
vpastperfect_002b	0.9976689976689976	3	3	1709	1	0.5	0.75	0.6
vpresent_003	0.58	59	1	26	14	0.9833333333333333	0.8082191780821918	0.8872180451127819
advplace_004	0.98	1	1	97	1	0.5	0.5	0.5
advtime_position_005a	0.9887640449438202	9	1	167	1	0.9	0.9	0.9
advtime_durfreq_005b	0.9880382775119617	10	5	403	0	0.6666666666666666	1.0	0.8
profirpers_006	0.98	27	2	71	0	0.9310344827586207	1.0	0.9642857142857143
prosecpers_007	1.0	13	0	87	0	1.0	1.0	1.0
prothirdper_008	0.98	16	0	84	0	1.0	1.0	1.0
proit_009	0.99	15	1	84	0	0.9375	1.0	0.967741935483871
prodemons_010	0.8785046728971962	0	0	94	13	xxx	xxx	xxx
proindef_011	0.9173553719008265	0	0	111	10	xxx	xxx	xxx
pverbdo_012	0.9877883310719131	3	2	725	7	0.6	0.3	0.4
whquest_013	0.9586776859504132	0	0	232	10	xxx	xxx	xxx
nominalis_014	0.96	5	4	91	0	0.5555555555555556	1.0	0.7142857142857143
gerund_015	0.8841463414634146	4	13	141	6	0.23529411764705882	0.4	0.29629629629629634
nouns_016	0.7	88	0	12	0	1.0	1.0	1.0
passagentl_017	0.968	9	3	112	1	0.75	0.9	0.8181818181818182
passby_018	0.9902534113060428	4	0	504	5	1.0	0.4444444444444444	0.6153846153846153
mainvbe_019	0.8	13	2	69	16	0.8666666666666667	0.4482758620689655	0.5909090909090909
exthere_020	0.9976019184652278	9	0	407	1	1.0	0.9	0.9473684210526316
thatvcom_021	0.9608695652173913	0	0	221	9	xxx	xxx	xxx
thatacom_022	0.996802557953637	0	0	1247	4	xxx	xxx	xxx
whclause_023	0.9481865284974094	0	0	183	10	xxx	xxx	xxx
vinfinitive_024	0.64	25	24	50	1	0.5102040816326531	0.9615384615384616	0.6666666666666667
vpresentpart_025	0.98068669527897	3	2	454	7	0.6	0.3	0.4
vpastpart_026	0.9944044764188649	0	7	1244	0	xxx	xxx	xxx
vpastwhiz_027	0.9868766404199475	4	3	749	6	0.5714285714285714	0.4	0.47058823529411764
vpresentwhiz_028	0.9907550077041603	4	0	639	6	1.0	0.4	0.5714285714285715
thatresub_029	0.9793103448275862	5	1	279	5	0.8333333333333334	0.5	0.625
thatreobj_030	0.9941804073714839	3	1	1022	5	0.75	0.375	0.5
whresub_031	0.9821428571428571	4	0	216	4	1.0	0.5	0.6666666666666666
whreobj_032	0.9944044764188649	5	7	1239	0	0.4166666666666667	1.0	0.5882352941176471
whrepied_033	0.9992006394884093	0	1	1250	0	xxx	xxx	xxx
sentencere_034	0.9928057553956835	2	5	1240	4	0.2857142857142857	0.3333333333333333	0.30769230769230765
advsubcause_035	0.9957894736842106	8	0	465	2	1.0	0.8	0.888888888888889
advsubconc_036	0.9954699886749717	8	2	871	2	0.8	0.8	0.8000000000000002
advsubcond_037	0.9521531100478469	0	0	199	10	xxx	xxx	xxx
advsubother_038	0.9853658536585366	0	0	606	9	xxx	xxx	xxx
prepositions_039	0.71	45	13	41	1	0.7758620689655172	0.9782608695652174	0.8653846153846154
adjattr_040	0.66	36	17	45	2	0.6792452830188679	0.9473684210526315	0.7912087912087911
adjpred_041	0.83	1	0	82	17	1.0	0.05555555555555555	0.10526315789473684
adverbs_042	0.78	33	9	57	1	0.7857142857142857	0.9705882352941176	0.8684210526315789
conjuncts_045	0.9884868421052632	7	3	595	3	0.7	0.7	0.7
downtoners_046	0.9941262848751835	9	3	668	1	0.75	0.9	0.8181818181818182
hedges_047	0.9890829694323144	1	1	905	9	0.5	0.1	0.16666666666666669
amplifiers_048	0.9921671018276762	10	2	370	1	0.8333333333333334	0.9090909090909091	0.8695652173913043
discpart_050	0.9766355140186916	0	0	418	10	xxx	xxx	xxx
demonstr_051	0.8755760368663594	10	27	180	0	0.2702702702702703	1.0	0.4255319148936171
modalsposs_052	0.97	13	1	84	2	0.9285714285714286	0.8666666666666667	0.896551724137931
modalsness_053	0.9928057553956835	9	3	543	1	0.75	0.9	0.8181818181818182
modalspred_054	0.99	10	0	89	1	1.0	0.9090909090909091	0.9523809523809523
vpublic_055	0.9915966386554622	10	1	108	0	0.9090909090909091	1.0	0.9523809523809523
vprivate_056	0.97	14	2	84	0	0.875	1.0	0.9333333333333333
vsuasive_057	0.9967213114754099	10	1	294	0	0.9090909090909091	1.0	0.9523809523809523
vseemappear_058	1.0	8	0	657	0	1.0	1.0	1.0
contractions_059	0.97	20	0	78	2	1.0	0.9090909090909091	0.9523809523809523
thatdel_060	0.8760330578512396	2	6	105	8	0.25	0.2	0.22222222222222224
strandprep_061	0.9821693907875185	7	9	654	3	0.4375	0.7	0.5384615384615384
vsplitinf_062	0.9984012789768185	2	0	1247	2	1.0	0.5	0.6666666666666666
vsplitaux_063	0.9807692307692307	9	2	144	1	0.8181818181818182	0.9	0.8571428571428572
coordphras_064	0.9310344827586207	3	1	105	7	0.75	0.3	0.4285714285714285
coordnonp_065	0.9358288770053476	1	3	174	9	0.25	0.1	0.14285714285714288
negsyn_066	0.994140625	7	0	502	3	1.0	0.7	0.8235294117647058
negana_067	0.98	14	0	84	2	1.0	0.875	0.9333333333333333
hashtag_201	0.9976019184652278	0	0	1248	3	xxx	xxx	xxx
link_202	0.9675324675324676	0	0	298	10	xxx	xxx	xxx
interlink_203	0.9952038369304557	0	0	1245	6	xxx	xxx	xxx
caps_204	0.9625468164794008	0	0	257	10	xxx	xxx	xxx
vimperative_205	0.9411764705882353	8	7	136	2	0.5333333333333333	0.8	0.64
lengthening_206	0.9944044764188649	0	0	1244	7	xxx	xxx	xxx
emoticons_207	0.977924944812362	0	0	443	10	xxx	xxx	xxx
question_208	0.9029126213592233	0	0	93	10	xxx	xxx	xxx
exclamation_209	0.935064935064935	0	0	144	10	xxx	xxx	xxx
comparatives_syn_212	0.9766355140186916	10	9	409	0	0.5263157894736842	1.0	0.6896551724137931
superlatives_syn_213	0.9870848708487084	10	6	526	0	0.625	1.0	0.7692307692307693
comparatives_ana_214	0.996802557953637	6	1	1241	3	0.8571428571428571	0.6666666666666666	0.75
superlatives_ana_215	0.9976019184652278	4	1	1245	1	0.8	0.8	0.8000000000000002
reddit_vocab_216	0.9667774086378738	0	0	291	10	xxx	xxx	xxx
vprogressive_217	0.95	9	0	88	3	1.0	0.75	0.8571428571428571
